id_turma;situacao_turma;nome_prof;codigo;nome_materia;total_aprovados;total;aprovacao
57643819;CONSOLIDADA;SALETE MARTINS ALVES;ECT2104;QUÍMICA GERAL;6.0;48.0;0.125
57643819;CONSOLIDADA;FILIPE MARTEL DE MAGALHAES BORGES;ECT2104;QUÍMICA GERAL;6.0;48.0;0.125
57643820;CONSOLIDADA;SALETE MARTINS ALVES;ECT2104;QUÍMICA GERAL;10.0;53.0;0.18867924528301888
57643820;CONSOLIDADA;FILIPE MARTEL DE MAGALHAES BORGES;ECT2104;QUÍMICA GERAL;10.0;53.0;0.18867924528301888
57643821;CONSOLIDADA;SALETE MARTINS ALVES;ECT2104;QUÍMICA GERAL;15.0;48.0;0.3125
57643821;CONSOLIDADA;FILIPE MARTEL DE MAGALHAES BORGES;ECT2104;QUÍMICA GERAL;15.0;48.0;0.3125
57643823;CONSOLIDADA;SALETE MARTINS ALVES;ECT2104;QUÍMICA GERAL;13.0;40.0;0.325
57643823;CONSOLIDADA;FILIPE MARTEL DE MAGALHAES BORGES;ECT2104;QUÍMICA GERAL;13.0;40.0;0.325
57643824;CONSOLIDADA;SALETE MARTINS ALVES;ECT2104;QUÍMICA GERAL;15.0;57.0;0.2631578947368421
57643824;CONSOLIDADA;FILIPE MARTEL DE MAGALHAES BORGES;ECT2104;QUÍMICA GERAL;15.0;57.0;0.2631578947368421
57643828;CONSOLIDADA;SALETE MARTINS ALVES;ECT2104;QUÍMICA GERAL;3.0;35.0;0.08571428571428572
57643828;CONSOLIDADA;TATIANA DE CAMPOS BICUDO;ECT2104;QUÍMICA GERAL;3.0;35.0;0.08571428571428572
57643829;CONSOLIDADA;SALETE MARTINS ALVES;ECT2104;QUÍMICA GERAL;6.0;33.0;0.18181818181818182
57643829;CONSOLIDADA;TATIANA DE CAMPOS BICUDO;ECT2104;QUÍMICA GERAL;6.0;33.0;0.18181818181818182
57643831;CONSOLIDADA;SALETE MARTINS ALVES;ECT2104;QUÍMICA GERAL;6.0;34.0;0.17647058823529413
57643831;CONSOLIDADA;TATIANA DE CAMPOS BICUDO;ECT2104;QUÍMICA GERAL;6.0;34.0;0.17647058823529413
57643832;CONSOLIDADA;SALETE MARTINS ALVES;ECT2104;QUÍMICA GERAL;9.0;35.0;0.2571428571428571
57643832;CONSOLIDADA;TATIANA DE CAMPOS BICUDO;ECT2104;QUÍMICA GERAL;9.0;35.0;0.2571428571428571
57643833;CONSOLIDADA;SALETE MARTINS ALVES;ECT2104;QUÍMICA GERAL;8.0;31.0;0.25806451612903225
57643833;CONSOLIDADA;TATIANA DE CAMPOS BICUDO;ECT2104;QUÍMICA GERAL;8.0;31.0;0.25806451612903225
57643836;CONSOLIDADA;SALETE MARTINS ALVES;ECT2104;QUÍMICA GERAL;6.0;34.0;0.17647058823529413
57643836;CONSOLIDADA;TATIANA DE CAMPOS BICUDO;ECT2104;QUÍMICA GERAL;6.0;34.0;0.17647058823529413
57643836;CONSOLIDADA;ELISAMA VIEIRA DOS SANTOS;ECT2104;QUÍMICA GERAL;6.0;34.0;0.17647058823529413
57643837;CONSOLIDADA;SALETE MARTINS ALVES;ECT2104;QUÍMICA GERAL;6.0;44.0;0.13636363636363635
57643837;CONSOLIDADA;TATIANA DE CAMPOS BICUDO;ECT2104;QUÍMICA GERAL;6.0;44.0;0.13636363636363635
57643837;CONSOLIDADA;ELISAMA VIEIRA DOS SANTOS;ECT2104;QUÍMICA GERAL;6.0;44.0;0.13636363636363635
57643838;CONSOLIDADA;SALETE MARTINS ALVES;ECT2104;QUÍMICA GERAL;4.0;34.0;0.11764705882352941
57643838;CONSOLIDADA;TATIANA DE CAMPOS BICUDO;ECT2104;QUÍMICA GERAL;4.0;34.0;0.11764705882352941
57643838;CONSOLIDADA;ELISAMA VIEIRA DOS SANTOS;ECT2104;QUÍMICA GERAL;4.0;34.0;0.11764705882352941
57643840;CONSOLIDADA;SALETE MARTINS ALVES;ECT2104;QUÍMICA GERAL;8.0;36.0;0.2222222222222222
57643840;CONSOLIDADA;TATIANA DE CAMPOS BICUDO;ECT2104;QUÍMICA GERAL;8.0;36.0;0.2222222222222222
57643840;CONSOLIDADA;ELISAMA VIEIRA DOS SANTOS;ECT2104;QUÍMICA GERAL;8.0;36.0;0.2222222222222222
57643842;CONSOLIDADA;SALETE MARTINS ALVES;ECT2104;QUÍMICA GERAL;5.0;30.0;0.16666666666666666
57643842;CONSOLIDADA;TATIANA DE CAMPOS BICUDO;ECT2104;QUÍMICA GERAL;5.0;30.0;0.16666666666666666
57643842;CONSOLIDADA;ELISAMA VIEIRA DOS SANTOS;ECT2104;QUÍMICA GERAL;5.0;30.0;0.16666666666666666
57643844;CONSOLIDADA;SALETE MARTINS ALVES;ECT2104;QUÍMICA GERAL;5.0;48.0;0.10416666666666667
57643844;CONSOLIDADA;PATRICIA KAORI SOARES;ECT2104;QUÍMICA GERAL;5.0;48.0;0.10416666666666667
57643845;CONSOLIDADA;SALETE MARTINS ALVES;ECT2104;QUÍMICA GERAL;6.0;33.0;0.18181818181818182
57643845;CONSOLIDADA;PATRICIA KAORI SOARES;ECT2104;QUÍMICA GERAL;6.0;33.0;0.18181818181818182
57643846;CONSOLIDADA;SALETE MARTINS ALVES;ECT2104;QUÍMICA GERAL;5.0;37.0;0.13513513513513514
57643846;CONSOLIDADA;PATRICIA KAORI SOARES;ECT2104;QUÍMICA GERAL;5.0;37.0;0.13513513513513514
57643848;CONSOLIDADA;SALETE MARTINS ALVES;ECT2104;QUÍMICA GERAL;11.0;24.0;0.4583333333333333
57643848;CONSOLIDADA;PATRICIA KAORI SOARES;ECT2104;QUÍMICA GERAL;11.0;24.0;0.4583333333333333
57643849;CONSOLIDADA;SALETE MARTINS ALVES;ECT2104;QUÍMICA GERAL;8.0;26.0;0.3076923076923077
57643849;CONSOLIDADA;PATRICIA KAORI SOARES;ECT2104;QUÍMICA GERAL;8.0;26.0;0.3076923076923077
57643851;CONSOLIDADA;SALETE MARTINS ALVES;ECT2104;QUÍMICA GERAL;2.0;37.0;0.05405405405405406
57643851;CONSOLIDADA;FILIPE MARTEL DE MAGALHAES BORGES;ECT2104;QUÍMICA GERAL;2.0;37.0;0.05405405405405406
57643851;CONSOLIDADA;ELISAMA VIEIRA DOS SANTOS;ECT2104;QUÍMICA GERAL;2.0;37.0;0.05405405405405406
57643853;CONSOLIDADA;SALETE MARTINS ALVES;ECT2104;QUÍMICA GERAL;4.0;42.0;0.09523809523809523
57643853;CONSOLIDADA;FILIPE MARTEL DE MAGALHAES BORGES;ECT2104;QUÍMICA GERAL;4.0;42.0;0.09523809523809523
57643853;CONSOLIDADA;ELISAMA VIEIRA DOS SANTOS;ECT2104;QUÍMICA GERAL;4.0;42.0;0.09523809523809523
57643855;CONSOLIDADA;SALETE MARTINS ALVES;ECT2104;QUÍMICA GERAL;1.0;39.0;0.02564102564102564
57643855;CONSOLIDADA;FILIPE MARTEL DE MAGALHAES BORGES;ECT2104;QUÍMICA GERAL;1.0;39.0;0.02564102564102564
57643855;CONSOLIDADA;ELISAMA VIEIRA DOS SANTOS;ECT2104;QUÍMICA GERAL;1.0;39.0;0.02564102564102564
57643856;CONSOLIDADA;SALETE MARTINS ALVES;ECT2104;QUÍMICA GERAL;2.0;20.0;0.1
57643856;CONSOLIDADA;ELISAMA VIEIRA DOS SANTOS;ECT2104;QUÍMICA GERAL;2.0;20.0;0.1
57643856;CONSOLIDADA;PATRICIA KAORI SOARES;ECT2104;QUÍMICA GERAL;2.0;20.0;0.1
57643858;CONSOLIDADA;SALETE MARTINS ALVES;ECT2104;QUÍMICA GERAL;0.0;20.0;0.0
57643858;CONSOLIDADA;ELISAMA VIEIRA DOS SANTOS;ECT2104;QUÍMICA GERAL;0.0;20.0;0.0
57643858;CONSOLIDADA;PATRICIA KAORI SOARES;ECT2104;QUÍMICA GERAL;0.0;20.0;0.0
57643860;CONSOLIDADA;SALETE MARTINS ALVES;ECT2104;QUÍMICA GERAL;2.0;41.0;0.04878048780487805
57643860;CONSOLIDADA;FILIPE MARTEL DE MAGALHAES BORGES;ECT2104;QUÍMICA GERAL;2.0;41.0;0.04878048780487805
57643860;CONSOLIDADA;TATIANA DE CAMPOS BICUDO;ECT2104;QUÍMICA GERAL;2.0;41.0;0.04878048780487805
57643862;CONSOLIDADA;SALETE MARTINS ALVES;ECT2104;QUÍMICA GERAL;1.0;39.0;0.02564102564102564
57643862;CONSOLIDADA;FILIPE MARTEL DE MAGALHAES BORGES;ECT2104;QUÍMICA GERAL;1.0;39.0;0.02564102564102564
57643862;CONSOLIDADA;TATIANA DE CAMPOS BICUDO;ECT2104;QUÍMICA GERAL;1.0;39.0;0.02564102564102564
57643863;CONSOLIDADA;SALETE MARTINS ALVES;ECT2104;QUÍMICA GERAL;4.0;38.0;0.10526315789473684
57643863;CONSOLIDADA;TATIANA DE CAMPOS BICUDO;ECT2104;QUÍMICA GERAL;4.0;38.0;0.10526315789473684
57643863;CONSOLIDADA;PATRICIA KAORI SOARES;ECT2104;QUÍMICA GERAL;4.0;38.0;0.10526315789473684
57643865;CONSOLIDADA;SALETE MARTINS ALVES;ECT2104;QUÍMICA GERAL;5.0;33.0;0.15151515151515152
57643865;CONSOLIDADA;TATIANA DE CAMPOS BICUDO;ECT2104;QUÍMICA GERAL;5.0;33.0;0.15151515151515152
57643865;CONSOLIDADA;PATRICIA KAORI SOARES;ECT2104;QUÍMICA GERAL;5.0;33.0;0.15151515151515152
57643866;CONSOLIDADA;SALETE MARTINS ALVES;ECT2104;QUÍMICA GERAL;3.0;16.0;0.1875
57643866;CONSOLIDADA;TATIANA DE CAMPOS BICUDO;ECT2104;QUÍMICA GERAL;3.0;16.0;0.1875
57643866;CONSOLIDADA;PATRICIA KAORI SOARES;ECT2104;QUÍMICA GERAL;3.0;16.0;0.1875
57643870;CONSOLIDADA;EDNA MARIA RANGEL DE SA;ECT2105;PRÁTICAS DE LEITURA E ESCRITA I;84.0;139.0;0.60431654676259
57643872;CONSOLIDADA;EDNA MARIA RANGEL DE SA;ECT2105;PRÁTICAS DE LEITURA E ESCRITA I;88.0;147.0;0.5986394557823129
57643874;CONSOLIDADA;ADA LIMA FERREIRA DE SOUSA;ECT2105;PRÁTICAS DE LEITURA E ESCRITA I;47.0;98.0;0.47959183673469385
57643876;CONSOLIDADA;ADA LIMA FERREIRA DE SOUSA;ECT2105;PRÁTICAS DE LEITURA E ESCRITA I;79.0;137.0;0.5766423357664233
57644168;CONSOLIDADA;EDNA MARIA RANGEL DE SA;ECT2608;METODOLOGIA DA PESQUISA PARA O TRABALHO DE CONCLUSÃO DE CURSO EM CIÊNCIAS E TECNOLOGIA;57.0;76.0;0.75
57644150;CONSOLIDADA;ADA LIMA FERREIRA DE SOUSA;ECT1531;PRÁTICAS DE LEITURA E ESCRITA DE GÊNEROS DA ESFERA PROFISSIONAL;17.0;23.0;0.7391304347826086
57644150;CONSOLIDADA;JOSE ROMERITO SILVA;ECT1531;PRÁTICAS DE LEITURA E ESCRITA DE GÊNEROS DA ESFERA PROFISSIONAL;17.0;23.0;0.7391304347826086
57643878;CONSOLIDADA;CARLA GIOVANA CABRAL;ECT2106;CIÊNCIA, TECNOLOGIA E SOCIEDADE;100.0;164.0;0.6097560975609756
57643881;CONSOLIDADA;CARLA GIOVANA CABRAL;ECT2106;CIÊNCIA, TECNOLOGIA E SOCIEDADE;45.0;130.0;0.34615384615384615
57644173;CONSOLIDADA;CARLA GIOVANA CABRAL;ECT2607;TECNOLOGIAS SOCIAIS;5.0;9.0;0.5555555555555556
57644173;CONSOLIDADA;ANGELA LUZIA MIRANDA;ECT2607;TECNOLOGIAS SOCIAIS;5.0;9.0;0.5555555555555556
57644175;CONSOLIDADA;CARLA GIOVANA CABRAL;ECT2502;DIMENSÕES FILOSÓFICAS DA TECNOLOGIA MODERNA;3.0;11.0;0.2727272727272727
57644175;CONSOLIDADA;ANGELA LUZIA MIRANDA;ECT2502;DIMENSÕES FILOSÓFICAS DA TECNOLOGIA MODERNA;3.0;11.0;0.2727272727272727
57643886;CONSOLIDADA;ORIVALDO VIEIRA DE SANTANA JUNIOR;ECT2203;LÓGICA DE PROGRAMAÇÃO;27.0;60.0;0.45
57643887;CONSOLIDADA;ORIVALDO VIEIRA DE SANTANA JUNIOR;ECT2203;LÓGICA DE PROGRAMAÇÃO;20.0;30.0;0.6666666666666666
57643888;CONSOLIDADA;ORIVALDO VIEIRA DE SANTANA JUNIOR;ECT2203;LÓGICA DE PROGRAMAÇÃO;14.0;22.0;0.6363636363636364
57643888;CONSOLIDADA;IGOR ROSBERG DE MEDEIROS SILVA;ECT2203;LÓGICA DE PROGRAMAÇÃO;14.0;22.0;0.6363636363636364
57643889;CONSOLIDADA;ORIVALDO VIEIRA DE SANTANA JUNIOR;ECT2203;LÓGICA DE PROGRAMAÇÃO;5.0;15.0;0.3333333333333333
57643889;CONSOLIDADA;IGOR ROSBERG DE MEDEIROS SILVA;ECT2203;LÓGICA DE PROGRAMAÇÃO;5.0;15.0;0.3333333333333333
57643901;CONSOLIDADA;IGOR ROSBERG DE MEDEIROS SILVA;ECT2203;LÓGICA DE PROGRAMAÇÃO;17.0;33.0;0.5151515151515151
57643901;CONSOLIDADA;RUMMENIGGE RUDSON DANTAS;ECT2203;LÓGICA DE PROGRAMAÇÃO;17.0;33.0;0.5151515151515151
57643903;CONSOLIDADA;IGOR ROSBERG DE MEDEIROS SILVA;ECT2203;LÓGICA DE PROGRAMAÇÃO;12.0;31.0;0.3870967741935484
57643903;CONSOLIDADA;RUMMENIGGE RUDSON DANTAS;ECT2203;LÓGICA DE PROGRAMAÇÃO;12.0;31.0;0.3870967741935484
57643892;CONSOLIDADA;AQUILES MEDEIROS FILGUEIRA BURLAMAQUI;ECT2203;LÓGICA DE PROGRAMAÇÃO;24.0;66.0;0.36363636363636365
57643893;CONSOLIDADA;AQUILES MEDEIROS FILGUEIRA BURLAMAQUI;ECT2203;LÓGICA DE PROGRAMAÇÃO;7.0;24.0;0.2916666666666667
57643895;CONSOLIDADA;AQUILES MEDEIROS FILGUEIRA BURLAMAQUI;ECT2203;LÓGICA DE PROGRAMAÇÃO;6.0;12.0;0.5
57643895;CONSOLIDADA;IDALMIS MILIAN SARDINA MARTINS;ECT2203;LÓGICA DE PROGRAMAÇÃO;6.0;12.0;0.5
57643897;CONSOLIDADA;AQUILES MEDEIROS FILGUEIRA BURLAMAQUI;ECT2203;LÓGICA DE PROGRAMAÇÃO;5.0;10.0;0.5
57643897;CONSOLIDADA;IDALMIS MILIAN SARDINA MARTINS;ECT2203;LÓGICA DE PROGRAMAÇÃO;5.0;10.0;0.5
57643910;CONSOLIDADA;IDALMIS MILIAN SARDINA MARTINS;ECT2203;LÓGICA DE PROGRAMAÇÃO;6.0;10.0;0.6
57643911;CONSOLIDADA;IDALMIS MILIAN SARDINA MARTINS;ECT2203;LÓGICA DE PROGRAMAÇÃO;12.0;24.0;0.5
57643912;CONSOLIDADA;IDALMIS MILIAN SARDINA MARTINS;ECT2203;LÓGICA DE PROGRAMAÇÃO;7.0;30.0;0.23333333333333334
57643913;CONSOLIDADA;IDALMIS MILIAN SARDINA MARTINS;ECT2203;LÓGICA DE PROGRAMAÇÃO;6.0;11.0;0.5454545454545454
57643899;CONSOLIDADA;RUMMENIGGE RUDSON DANTAS;ECT2203;LÓGICA DE PROGRAMAÇÃO;24.0;81.0;0.2962962962962963
57643900;CONSOLIDADA;RUMMENIGGE RUDSON DANTAS;ECT2203;LÓGICA DE PROGRAMAÇÃO;17.0;48.0;0.3541666666666667
57644182;CONSOLIDADA;ORIVALDO VIEIRA DE SANTANA JUNIOR;ECT2702;TÓPICOS AVANÇADOS EM INFORMÁTICA I;19.0;30.0;0.6333333333333333
57644185;CONSOLIDADA;IGOR ROSBERG DE MEDEIROS SILVA;ECT2525;DESENVOLVIMENTO PARA DISPOSITIVOS MÓVEIS;14.0;47.0;0.2978723404255319
57644183;CONSOLIDADA;AQUILES MEDEIROS FILGUEIRA BURLAMAQUI;ECT2701;INTERNET DAS COISAS;11.0;42.0;0.2619047619047619
57643914;CONSOLIDADA;PEDRO DA CUNHA FERREIRA;ECT2204;INTRODUÇÃO À FÍSICA CLÁSSICA I;43.0;109.0;0.3944954128440367
57643915;CONSOLIDADA;PEDRO DA CUNHA FERREIRA;ECT2204;INTRODUÇÃO À FÍSICA CLÁSSICA I;50.0;104.0;0.4807692307692308
57643916;CONSOLIDADA;NEEMIAS ALVES DE LIMA;ECT2204;INTRODUÇÃO À FÍSICA CLÁSSICA I;67.0;119.0;0.5630252100840336
57643918;CONSOLIDADA;NEEMIAS ALVES DE LIMA;ECT2204;INTRODUÇÃO À FÍSICA CLÁSSICA I;33.0;71.0;0.4647887323943662
57643917;CONSOLIDADA;SERGIO RODRIGUEZ PEREZ;ECT2204;INTRODUÇÃO À FÍSICA CLÁSSICA I;45.0;114.0;0.39473684210526316
57643917;CONSOLIDADA;KALINE MELO DE SOUTO VIANA;ECT2204;INTRODUÇÃO À FÍSICA CLÁSSICA I;45.0;114.0;0.39473684210526316
57643919;CONSOLIDADA;SERGIO RODRIGUEZ PEREZ;ECT2204;INTRODUÇÃO À FÍSICA CLÁSSICA I;12.0;31.0;0.3870967741935484
57643919;CONSOLIDADA;KALINE MELO DE SOUTO VIANA;ECT2204;INTRODUÇÃO À FÍSICA CLÁSSICA I;12.0;31.0;0.3870967741935484
57644107;CONSOLIDADA;KALINE MELO DE SOUTO VIANA;ECT2411;CIÊNCIA E TECNOLOGIA DOS MATERIAIS;17.0;29.0;0.5862068965517241
57644107;CONSOLIDADA;JORGE CARLOS LOPES BRAS SILVA PEREIRA;ECT2411;CIÊNCIA E TECNOLOGIA DOS MATERIAIS;17.0;29.0;0.5862068965517241
57644109;CONSOLIDADA;KALINE MELO DE SOUTO VIANA;ECT2411;CIÊNCIA E TECNOLOGIA DOS MATERIAIS;6.0;17.0;0.35294117647058826
57644109;CONSOLIDADA;JORGE CARLOS LOPES BRAS SILVA PEREIRA;ECT2411;CIÊNCIA E TECNOLOGIA DOS MATERIAIS;6.0;17.0;0.35294117647058826
57644111;CONSOLIDADA;KALINE MELO DE SOUTO VIANA;ECT2411;CIÊNCIA E TECNOLOGIA DOS MATERIAIS;12.0;16.0;0.75
57644111;CONSOLIDADA;JORGE CARLOS LOPES BRAS SILVA PEREIRA;ECT2411;CIÊNCIA E TECNOLOGIA DOS MATERIAIS;12.0;16.0;0.75
57644114;CONSOLIDADA;JORGE CARLOS LOPES BRAS SILVA PEREIRA;ECT2411;CIÊNCIA E TECNOLOGIA DOS MATERIAIS;13.0;28.0;0.4642857142857143
57644114;CONSOLIDADA;AMANDA MELISSA DAMIAO LEITE;ECT2411;CIÊNCIA E TECNOLOGIA DOS MATERIAIS;13.0;28.0;0.4642857142857143
57644116;CONSOLIDADA;JORGE CARLOS LOPES BRAS SILVA PEREIRA;ECT2411;CIÊNCIA E TECNOLOGIA DOS MATERIAIS;21.0;44.0;0.4772727272727273
57644116;CONSOLIDADA;AMANDA MELISSA DAMIAO LEITE;ECT2411;CIÊNCIA E TECNOLOGIA DOS MATERIAIS;21.0;44.0;0.4772727272727273
57644117;CONSOLIDADA;JORGE CARLOS LOPES BRAS SILVA PEREIRA;ECT2411;CIÊNCIA E TECNOLOGIA DOS MATERIAIS;4.0;18.0;0.2222222222222222
57644117;CONSOLIDADA;AMANDA MELISSA DAMIAO LEITE;ECT2411;CIÊNCIA E TECNOLOGIA DOS MATERIAIS;4.0;18.0;0.2222222222222222
57644118;CONSOLIDADA;JORGE CARLOS LOPES BRAS SILVA PEREIRA;ECT2411;CIÊNCIA E TECNOLOGIA DOS MATERIAIS;15.0;29.0;0.5172413793103449
57644118;CONSOLIDADA;AMANDA MELISSA DAMIAO LEITE;ECT2411;CIÊNCIA E TECNOLOGIA DOS MATERIAIS;15.0;29.0;0.5172413793103449
57644122;CONSOLIDADA;JORGE CARLOS LOPES BRAS SILVA PEREIRA;ECT2411;CIÊNCIA E TECNOLOGIA DOS MATERIAIS;6.0;13.0;0.46153846153846156
57644125;CONSOLIDADA;JORGE CARLOS LOPES BRAS SILVA PEREIRA;ECT2411;CIÊNCIA E TECNOLOGIA DOS MATERIAIS;10.0;19.0;0.5263157894736842
57644126;CONSOLIDADA;JORGE CARLOS LOPES BRAS SILVA PEREIRA;ECT2411;CIÊNCIA E TECNOLOGIA DOS MATERIAIS;6.0;17.0;0.35294117647058826
57644131;CONSOLIDADA;JORGE CARLOS LOPES BRAS SILVA PEREIRA;ECT2411;CIÊNCIA E TECNOLOGIA DOS MATERIAIS;7.0;14.0;0.5
57643921;CONSOLIDADA;ALEXSANDRO PEREIRA LIMA;ECT2101;PRÉ-CÁLCULO;47.0;171.0;0.27485380116959063
57643941;CONSOLIDADA;ALEXSANDRO PEREIRA LIMA;ECT2101;PRÉ-CÁLCULO;36.0;88.0;0.4090909090909091
57643923;CONSOLIDADA;PAULO HENRIQUE SOUSA DE OLIVEIRA;ECT2101;PRÉ-CÁLCULO;9.0;153.0;0.058823529411764705
57643930;CONSOLIDADA;PAULO HENRIQUE SOUSA DE OLIVEIRA;ECT2101;PRÉ-CÁLCULO;4.0;110.0;0.03636363636363636
57643928;CONSOLIDADA;RICARDO WAGNER DE ARAUJO;ECT2101;PRÉ-CÁLCULO;15.0;142.0;0.1056338028169014
57643932;CONSOLIDADA;LEANDRO IBIAPINA BEVILAQUA;ECT2101;PRÉ-CÁLCULO;11.0;124.0;0.08870967741935484
57643934;CONSOLIDADA;LEANDRO IBIAPINA BEVILAQUA;ECT2101;PRÉ-CÁLCULO;17.0;203.0;0.08374384236453201
57643939;CONSOLIDADA;FRANCISCO EDSON DA SILVA;ECT2101;PRÉ-CÁLCULO;16.0;64.0;0.25
57643944;CONSOLIDADA;FRANCISCO EDSON DA SILVA;ECT2101;PRÉ-CÁLCULO;8.0;41.0;0.1951219512195122
57643925;CONSOLIDADA;EVERTON SANTI;ECT2303;LINGUAGEM DE PROGRAMAÇÃO;4.0;14.0;0.2857142857142857
57643925;CONSOLIDADA;DIEGO RODRIGO CABRAL SILVA;ECT2303;LINGUAGEM DE PROGRAMAÇÃO;4.0;14.0;0.2857142857142857
57643927;CONSOLIDADA;EVERTON SANTI;ECT2303;LINGUAGEM DE PROGRAMAÇÃO;10.0;24.0;0.4166666666666667
57643927;CONSOLIDADA;DIEGO RODRIGO CABRAL SILVA;ECT2303;LINGUAGEM DE PROGRAMAÇÃO;10.0;24.0;0.4166666666666667
57643931;CONSOLIDADA;EVERTON SANTI;ECT2303;LINGUAGEM DE PROGRAMAÇÃO;6.0;21.0;0.2857142857142857
57643931;CONSOLIDADA;DIEGO RODRIGO CABRAL SILVA;ECT2303;LINGUAGEM DE PROGRAMAÇÃO;6.0;21.0;0.2857142857142857
57643933;CONSOLIDADA;EVERTON SANTI;ECT2303;LINGUAGEM DE PROGRAMAÇÃO;3.0;13.0;0.23076923076923078
57643933;CONSOLIDADA;DIEGO RODRIGO CABRAL SILVA;ECT2303;LINGUAGEM DE PROGRAMAÇÃO;3.0;13.0;0.23076923076923078
57643936;CONSOLIDADA;BRUNO MARQUES FERREIRA DA SILVA;ECT2303;LINGUAGEM DE PROGRAMAÇÃO;15.0;71.0;0.2112676056338028
57643938;CONSOLIDADA;BRUNO MARQUES FERREIRA DA SILVA;ECT2303;LINGUAGEM DE PROGRAMAÇÃO;16.0;38.0;0.42105263157894735
57643940;CONSOLIDADA;BRUNO MARQUES FERREIRA DA SILVA;ECT2303;LINGUAGEM DE PROGRAMAÇÃO;5.0;12.0;0.4166666666666667
57643940;CONSOLIDADA;SERGIO QUEIROZ DE MEDEIROS;ECT2303;LINGUAGEM DE PROGRAMAÇÃO;5.0;12.0;0.4166666666666667
57643942;CONSOLIDADA;BRUNO MARQUES FERREIRA DA SILVA;ECT2303;LINGUAGEM DE PROGRAMAÇÃO;7.0;15.0;0.4666666666666667
57643942;CONSOLIDADA;SERGIO QUEIROZ DE MEDEIROS;ECT2303;LINGUAGEM DE PROGRAMAÇÃO;7.0;15.0;0.4666666666666667
57643951;CONSOLIDADA;SERGIO QUEIROZ DE MEDEIROS;ECT2303;LINGUAGEM DE PROGRAMAÇÃO;4.0;17.0;0.23529411764705882
57643946;CONSOLIDADA;FRANCISCO JOSE TARGINO VIDAL;ECT2303;LINGUAGEM DE PROGRAMAÇÃO;5.0;24.0;0.20833333333333334
57643946;CONSOLIDADA;CARLOS ALBERTO OLARTE VEGA;ECT2303;LINGUAGEM DE PROGRAMAÇÃO;5.0;24.0;0.20833333333333334
57643947;CONSOLIDADA;FRANCISCO JOSE TARGINO VIDAL;ECT2303;LINGUAGEM DE PROGRAMAÇÃO;3.0;13.0;0.23076923076923078
57643947;CONSOLIDADA;CARLOS ALBERTO OLARTE VEGA;ECT2303;LINGUAGEM DE PROGRAMAÇÃO;3.0;13.0;0.23076923076923078
57643948;CONSOLIDADA;FRANCISCO JOSE TARGINO VIDAL;ECT2303;LINGUAGEM DE PROGRAMAÇÃO;1.0;12.0;0.08333333333333333
57643948;CONSOLIDADA;CARLOS ALBERTO OLARTE VEGA;ECT2303;LINGUAGEM DE PROGRAMAÇÃO;1.0;12.0;0.08333333333333333
57643949;CONSOLIDADA;FRANCISCO JOSE TARGINO VIDAL;ECT2303;LINGUAGEM DE PROGRAMAÇÃO;1.0;10.0;0.1
57643949;CONSOLIDADA;CARLOS ALBERTO OLARTE VEGA;ECT2303;LINGUAGEM DE PROGRAMAÇÃO;1.0;10.0;0.1
57643957;CONSOLIDADA;HELTON MAIA PEIXOTO;ECT2303;LINGUAGEM DE PROGRAMAÇÃO;12.0;23.0;0.5217391304347826
57643958;CONSOLIDADA;HELTON MAIA PEIXOTO;ECT2303;LINGUAGEM DE PROGRAMAÇÃO;12.0;29.0;0.41379310344827586
57643959;CONSOLIDADA;HELTON MAIA PEIXOTO;ECT2303;LINGUAGEM DE PROGRAMAÇÃO;8.0;15.0;0.5333333333333333
57647212;CONSOLIDADA;HELTON MAIA PEIXOTO;ECT2303;LINGUAGEM DE PROGRAMAÇÃO;7.0;23.0;0.30434782608695654
57644015;CONSOLIDADA;RICARDO WAGNER DE ARAUJO;ECT2103;CÁLCULO I;12.0;142.0;0.08450704225352113
57644020;CONSOLIDADA;RONALDO CARLOTTO BATISTA;ECT2103;CÁLCULO I;20.0;85.0;0.23529411764705882
57644009;CONSOLIDADA;EMANUELE ORAZI;ECT2103;CÁLCULO I;6.0;151.0;0.039735099337748346
57644012;CONSOLIDADA;EMANUELE ORAZI;ECT2103;CÁLCULO I;8.0;141.0;0.05673758865248227
57644010;CONSOLIDADA;ELTON JOSE FIGUEIREDO DE CARVALHO;ECT2103;CÁLCULO I;16.0;180.0;0.08888888888888889
57644021;CONSOLIDADA;ELTON JOSE FIGUEIREDO DE CARVALHO;ECT2103;CÁLCULO I;21.0;105.0;0.2
57644018;CONSOLIDADA;JOSINALDO MENEZES DA SILVA;ECT2103;CÁLCULO I;45.0;193.0;0.23316062176165803
57644019;CONSOLIDADA;JOSINALDO MENEZES DA SILVA;ECT2103;CÁLCULO I;50.0;283.0;0.17667844522968199
57647206;CONSOLIDADA;CARLOS ALBERTO OLARTE VEGA;ECT2540;PROGRAMAÇÃO ORIENTADA A OBJETOS;15.0;37.0;0.40540540540540543
57643964;CONSOLIDADA;JOAO RODRIGO SOUZA LEAO;ECT2304;INTRODUÇÃO À FÍSICA CLÁSSICA II;14.0;36.0;0.3888888888888889
57643966;CONSOLIDADA;JOSE HENRIQUE FERNANDEZ;ECT2304;INTRODUÇÃO À FÍSICA CLÁSSICA II;50.0;161.0;0.3105590062111801
57643967;CONSOLIDADA;LUCIO MARASSI DE SOUZA ALMEIDA;ECT2304;INTRODUÇÃO À FÍSICA CLÁSSICA II;24.0;54.0;0.4444444444444444
57643969;CONSOLIDADA;LUCIO MARASSI DE SOUZA ALMEIDA;ECT2304;INTRODUÇÃO À FÍSICA CLÁSSICA II;5.0;13.0;0.38461538461538464
57643968;CONSOLIDADA;MARCELO KIYOSHI KIAN NAKAEMA;ECT2304;INTRODUÇÃO À FÍSICA CLÁSSICA II;38.0;86.0;0.4418604651162791
57644115;CONSOLIDADA;JOAO RODRIGO SOUZA LEAO;ECT2402;INTRODUÇÃO À FÍSICA CLÁSSICA III;38.0;61.0;0.6229508196721312
57644108;CONSOLIDADA;RAFAEL CHAVES SOUTO ARAUJO;ECT2402;INTRODUÇÃO À FÍSICA CLÁSSICA III;23.0;33.0;0.696969696969697
57644110;CONSOLIDADA;RAFAEL CHAVES SOUTO ARAUJO;ECT2402;INTRODUÇÃO À FÍSICA CLÁSSICA III;38.0;51.0;0.7450980392156863
57644091;CONSOLIDADA;JOSE HENRIQUE FERNANDEZ;ECT2307;FÍSICA EXPERIMENTAL I;25.0;108.0;0.23148148148148148
57644105;CONSOLIDADA;MARCELO KIYOSHI KIAN NAKAEMA;ECT2307;FÍSICA EXPERIMENTAL I;25.0;47.0;0.5319148936170213
57644084;CONSOLIDADA;RONAI MACHADO LISBOA;ECT2307;FÍSICA EXPERIMENTAL I;23.0;31.0;0.7419354838709677
57644088;CONSOLIDADA;RONAI MACHADO LISBOA;ECT2307;FÍSICA EXPERIMENTAL I;23.0;44.0;0.5227272727272727
57644095;CONSOLIDADA;RONAI MACHADO LISBOA;ECT2307;FÍSICA EXPERIMENTAL I;10.0;20.0;0.5
57644099;CONSOLIDADA;RONAI MACHADO LISBOA;ECT2307;FÍSICA EXPERIMENTAL I;26.0;36.0;0.7222222222222222
57644097;CONSOLIDADA;ANDRE BESSA MOREIRA;ECT2307;FÍSICA EXPERIMENTAL I;25.0;30.0;0.8333333333333334
57644101;CONSOLIDADA;ANDRE BESSA MOREIRA;ECT2307;FÍSICA EXPERIMENTAL I;26.0;32.0;0.8125
57644103;CONSOLIDADA;ANDRE BESSA MOREIRA;ECT2307;FÍSICA EXPERIMENTAL I;25.0;30.0;0.8333333333333334
57644135;CONSOLIDADA;MARCELO KIYOSHI KIAN NAKAEMA;ECT2403;FÍSICA EXPERIMENTAL II;21.0;30.0;0.7
57644133;CONSOLIDADA;ANDRE BESSA MOREIRA;ECT2403;FÍSICA EXPERIMENTAL II;26.0;49.0;0.5306122448979592
57644120;CONSOLIDADA;TARCIRO NORTARSON CHAVES MENDES;ECT2403;FÍSICA EXPERIMENTAL II;18.0;24.0;0.75
57644124;CONSOLIDADA;TARCIRO NORTARSON CHAVES MENDES;ECT2403;FÍSICA EXPERIMENTAL II;22.0;40.0;0.55
57644128;CONSOLIDADA;TARCIRO NORTARSON CHAVES MENDES;ECT2403;FÍSICA EXPERIMENTAL II;11.0;16.0;0.6875
57644130;CONSOLIDADA;TARCIRO NORTARSON CHAVES MENDES;ECT2403;FÍSICA EXPERIMENTAL II;20.0;24.0;0.8333333333333334
57643971;CONSOLIDADA;LAURO WANDERLEY MELLER;ECT2305;PRÁTICA DE LEITURA EM INGLÊS;96.0;127.0;0.7559055118110236
57643974;CONSOLIDADA;LAURO WANDERLEY MELLER;ECT2305;PRÁTICA DE LEITURA EM INGLÊS;58.0;79.0;0.7341772151898734
57643977;CONSOLIDADA;LAURO WANDERLEY MELLER;ECT2305;PRÁTICA DE LEITURA EM INGLÊS;33.0;50.0;0.66
57643978;CONSOLIDADA;LAURO WANDERLEY MELLER;ECT2305;PRÁTICA DE LEITURA EM INGLÊS;34.0;52.0;0.6538461538461539
57643972;CONSOLIDADA;MARCELA APARECIDA CUCCI SILVESTRE;ECT2305;PRÁTICA DE LEITURA EM INGLÊS;93.0;141.0;0.6595744680851063
57643976;CONSOLIDADA;MARCELA APARECIDA CUCCI SILVESTRE;ECT2305;PRÁTICA DE LEITURA EM INGLÊS;42.0;62.0;0.6774193548387096
57644166;CONSOLIDADA;MARCELA APARECIDA CUCCI SILVESTRE;ECT2532;PRÁTICAS DE LEITURA E ESCRITA DE GÊNEROS ACADÊMICOS EM INGLÊS;20.0;36.0;0.5555555555555556
57643981;CONSOLIDADA;VERA LUCIA LOPES DE CASTRO;ECT2306;MEIO AMBIENTE E DESENVOLVIMENTO URBANO;82.0;98.0;0.8367346938775511
57643982;CONSOLIDADA;LUCIANA DE FIGUEIREDO LOPES LUCENA;ECT2306;MEIO AMBIENTE E DESENVOLVIMENTO URBANO;20.0;43.0;0.46511627906976744
57643984;CONSOLIDADA;JAZIELLI CARVALHO SA;ECT2306;MEIO AMBIENTE E DESENVOLVIMENTO URBANO;78.0;116.0;0.6724137931034483
57643985;CONSOLIDADA;SEBASTIAO LUIZ DE OLIVEIRA;ECT2306;MEIO AMBIENTE E DESENVOLVIMENTO URBANO;27.0;43.0;0.627906976744186
57643988;CONSOLIDADA;SEBASTIAO LUIZ DE OLIVEIRA;ECT2306;MEIO AMBIENTE E DESENVOLVIMENTO URBANO;30.0;42.0;0.7142857142857143
57644152;CONSOLIDADA;VERA LUCIA LOPES DE CASTRO;ECT1560;FUNDAMENTOS EM DESENVOLVIMENTO SUSTENTÁVEL;31.0;47.0;0.6595744680851063
57644152;CONSOLIDADA;LUCIANA DE FIGUEIREDO LOPES LUCENA;ECT1560;FUNDAMENTOS EM DESENVOLVIMENTO SUSTENTÁVEL;31.0;47.0;0.6595744680851063
57644151;CONSOLIDADA;JAZIELLI CARVALHO SA;ECT1569;TÓPICOS EM PRÁTICAS AMBIENTAIS;21.0;25.0;0.84
57643999;CONSOLIDADA;PAULO DANTAS SESION JUNIOR;ECT2102;VETORES E GEOMETRIA ANALÍTICA;9.0;162.0;0.05555555555555555
57644002;CONSOLIDADA;PAULO DANTAS SESION JUNIOR;ECT2102;VETORES E GEOMETRIA ANALÍTICA;8.0;161.0;0.049689440993788817
57644000;CONSOLIDADA;RONALDO CARLOTTO BATISTA;ECT2102;VETORES E GEOMETRIA ANALÍTICA;12.0;165.0;0.07272727272727272
57644003;CONSOLIDADA;LEO GOUVEA MEDEIROS;ECT2102;VETORES E GEOMETRIA ANALÍTICA;17.0;151.0;0.11258278145695365
57644008;CONSOLIDADA;LEO GOUVEA MEDEIROS;ECT2102;VETORES E GEOMETRIA ANALÍTICA;13.0;68.0;0.19117647058823528
57644004;CONSOLIDADA;FABIANA TRISTAO DE SANTANA;ECT2102;VETORES E GEOMETRIA ANALÍTICA;61.0;302.0;0.20198675496688742
57644005;CONSOLIDADA;FABIANA TRISTAO DE SANTANA;ECT2102;VETORES E GEOMETRIA ANALÍTICA;63.0;254.0;0.24803149606299213
57644007;CONSOLIDADA;JEFFERSON SOARES DA COSTA;ECT2102;VETORES E GEOMETRIA ANALÍTICA;45.0;129.0;0.3488372093023256
57644022;CONSOLIDADA;LEONARDO MAFRA BEZERRIL;ECT2201;CÁLCULO II;7.0;54.0;0.12962962962962962
57644024;CONSOLIDADA;LEONARDO MAFRA BEZERRIL;ECT2201;CÁLCULO II;41.0;173.0;0.23699421965317918
57644023;CONSOLIDADA;CARLOS EDUARDO PELLICER DE OLIVEIRA;ECT2201;CÁLCULO II;43.0;118.0;0.3644067796610169
57644025;CONSOLIDADA;JOAO VITAL DA CUNHA JUNIOR;ECT2201;CÁLCULO II;47.0;142.0;0.33098591549295775
57644026;CONSOLIDADA;JOAO VITAL DA CUNHA JUNIOR;ECT2201;CÁLCULO II;24.0;65.0;0.36923076923076925
57644155;CONSOLIDADA;CARLOS EDUARDO PELLICER DE OLIVEIRA;ECT2415;EQUAÇÕES DIFERENCIAIS;4.0;12.0;0.3333333333333333
57644157;CONSOLIDADA;LORENA RAMOS CORREIA CARDOSO;ECT2415;EQUAÇÕES DIFERENCIAIS;116.0;135.0;0.8592592592592593
57644158;CONSOLIDADA;DEUSDEDIT MONTEIRO MEDEIROS;ECT2415;EQUAÇÕES DIFERENCIAIS;0.0;5.0;0.0
57644027;CONSOLIDADA;HECTOR LENY CARRION SALAZAR;ECT2202;ÁLGEBRA LINEAR;26.0;114.0;0.22807017543859648
57644031;CONSOLIDADA;HECTOR LENY CARRION SALAZAR;ECT2202;ÁLGEBRA LINEAR;5.0;73.0;0.0684931506849315
57644028;CONSOLIDADA;FABIO SPEROTTO BEMFICA;ECT2202;ÁLGEBRA LINEAR;31.0;135.0;0.22962962962962963
57644029;CONSOLIDADA;FABIO SPEROTTO BEMFICA;ECT2202;ÁLGEBRA LINEAR;13.0;59.0;0.22033898305084745
57644030;CONSOLIDADA;JACOPO VITI;ECT2202;ÁLGEBRA LINEAR;26.0;103.0;0.2524271844660194
57644032;CONSOLIDADA;HERCULANA TORRES DOS SANTOS;ECT2302;METODOLOGIA CIENTÍFICA E TECNOLÓGICA;122.0;138.0;0.8840579710144928
57644033;CONSOLIDADA;HERCULANA TORRES DOS SANTOS;ECT2302;METODOLOGIA CIENTÍFICA E TECNOLÓGICA;66.0;82.0;0.8048780487804879
57644035;CONSOLIDADA;HERCULANA TORRES DOS SANTOS;ECT2302;METODOLOGIA CIENTÍFICA E TECNOLÓGICA;84.0;121.0;0.6942148760330579
57644034;CONSOLIDADA;GLAUCIO BEZERRA BRANDAO;ECT2302;METODOLOGIA CIENTÍFICA E TECNOLÓGICA;50.0;68.0;0.7352941176470589
57644036;CONSOLIDADA;GLAUCIO BEZERRA BRANDAO;ECT2302;METODOLOGIA CIENTÍFICA E TECNOLÓGICA;29.0;56.0;0.5178571428571429
57645400;CONSOLIDADA;GLAUCIO BEZERRA BRANDAO;ECT2601;PRÁTICAS DE STARTUP TECNOLÓGICA 1;26.0;47.0;0.5531914893617021
57644037;CONSOLIDADA;JOSE ROMERITO SILVA;ECT2205;PRÁTICAS DE LEITURA E ESCRITA II;58.0;100.0;0.58
57644039;CONSOLIDADA;GLICIA MARILI AZEVEDO DE MEDEIROS TINOCO;ECT2205;PRÁTICAS DE LEITURA E ESCRITA II;43.0;79.0;0.5443037974683544
57644041;CONSOLIDADA;GLICIA MARILI AZEVEDO DE MEDEIROS TINOCO;ECT2205;PRÁTICAS DE LEITURA E ESCRITA II;41.0;84.0;0.4880952380952381
57644042;CONSOLIDADA;EFRAIN PANTALEON MATAMOROS;ECT2206;GESTÃO E ECONOMIA DA CIÊNCIA, TECNOLOGIA E INOVAÇÃO;58.0;113.0;0.5132743362831859
57644047;CONSOLIDADA;EFRAIN PANTALEON MATAMOROS;ECT2206;GESTÃO E ECONOMIA DA CIÊNCIA, TECNOLOGIA E INOVAÇÃO;29.0;62.0;0.46774193548387094
57644043;CONSOLIDADA;CARLOS ALEXANDRE CAMARGO DE ABREU;ECT2206;GESTÃO E ECONOMIA DA CIÊNCIA, TECNOLOGIA E INOVAÇÃO;46.0;107.0;0.42990654205607476
57644044;CONSOLIDADA;ZULMARA VIRGINIA DE CARVALHO;ECT2206;GESTÃO E ECONOMIA DA CIÊNCIA, TECNOLOGIA E INOVAÇÃO;66.0;136.0;0.4852941176470588
57644049;CONSOLIDADA;ZULMARA VIRGINIA DE CARVALHO;ECT2206;GESTÃO E ECONOMIA DA CIÊNCIA, TECNOLOGIA E INOVAÇÃO;32.0;66.0;0.48484848484848486
57644143;CONSOLIDADA;EFRAIN PANTALEON MATAMOROS;ECT1564;GESTÃO ESTRATÉGICA;63.0;108.0;0.5833333333333334
57644144;CONSOLIDADA;EFRAIN PANTALEON MATAMOROS;ECT1553;EMPREENDEDORISMO, NEGÓCIOS E GESTÃO DE PROJETOS INOVADORES;43.0;61.0;0.7049180327868853
57644149;CONSOLIDADA;CARLOS ALEXANDRE CAMARGO DE ABREU;ECT1503;MATEMÁTICA FINANCEIRA;37.0;86.0;0.43023255813953487
57644145;CONSOLIDADA;ZULMARA VIRGINIA DE CARVALHO;ECT1552;INSTITUIÇÕES E SERVIÇOS TECNOLÓGICOS;24.0;39.0;0.6153846153846154
57644148;CONSOLIDADA;ZULMARA VIRGINIA DE CARVALHO;ECT1550;POLÍTICAS DE GESTÃO EM CIÊNCIA, TECNOLOGIA E INOVAÇÃO;47.0;61.0;0.7704918032786885
57644046;CONSOLIDADA;DEBORA MACHADO DE OLIVEIRA MEDINA;ECT2416;EXPRESSÃO GRÁFICA;28.0;40.0;0.7
57644048;CONSOLIDADA;DEBORA MACHADO DE OLIVEIRA MEDINA;ECT2416;EXPRESSÃO GRÁFICA;32.0;36.0;0.8888888888888888
57644051;CONSOLIDADA;DEBORA MACHADO DE OLIVEIRA MEDINA;ECT2416;EXPRESSÃO GRÁFICA;11.0;19.0;0.5789473684210527
57644051;CONSOLIDADA;KELLY KALIANE REGO DA PAZ RODRIGUES;ECT2416;EXPRESSÃO GRÁFICA;11.0;19.0;0.5789473684210527
57644052;CONSOLIDADA;DEBORA MACHADO DE OLIVEIRA MEDINA;ECT2416;EXPRESSÃO GRÁFICA;27.0;42.0;0.6428571428571429
57644052;CONSOLIDADA;KELLY KALIANE REGO DA PAZ RODRIGUES;ECT2416;EXPRESSÃO GRÁFICA;27.0;42.0;0.6428571428571429
57644059;CONSOLIDADA;KELLY KALIANE REGO DA PAZ RODRIGUES;ECT2416;EXPRESSÃO GRÁFICA;24.0;39.0;0.6153846153846154
57644061;CONSOLIDADA;KELLY KALIANE REGO DA PAZ RODRIGUES;ECT2416;EXPRESSÃO GRÁFICA;4.0;12.0;0.3333333333333333
57644054;CONSOLIDADA;FABIO JOSE PINHEIRO SOUSA;ECT2416;EXPRESSÃO GRÁFICA;35.0;106.0;0.330188679245283
57644056;CONSOLIDADA;FABIO JOSE PINHEIRO SOUSA;ECT2416;EXPRESSÃO GRÁFICA;31.0;40.0;0.775
57644055;CONSOLIDADA;GUSTAVO ZAMPIER DOS SANTOS LIMA;ECT2207;PROBABILIDADE E ESTATÍSTICA;91.0;293.0;0.310580204778157
57644057;CONSOLIDADA;RAQUEL MENEZES BEZERRA SAMPAIO;ECT2207;PROBABILIDADE E ESTATÍSTICA;21.0;111.0;0.1891891891891892
57644060;CONSOLIDADA;KELLEN CARLA LIMA;ECT2207;PROBABILIDADE E ESTATÍSTICA;37.0;107.0;0.34579439252336447
57644062;CONSOLIDADA;KELLEN CARLA LIMA;ECT2207;PROBABILIDADE E ESTATÍSTICA;33.0;91.0;0.3626373626373626
57644064;CONSOLIDADA;JOILSON BATISTA DE ALMEIDA REGO;ECT2401;COMPUTAÇÃO NUMÉRICA;7.0;20.0;0.35
57644065;CONSOLIDADA;JOILSON BATISTA DE ALMEIDA REGO;ECT2401;COMPUTAÇÃO NUMÉRICA;7.0;14.0;0.5
57644066;CONSOLIDADA;JOILSON BATISTA DE ALMEIDA REGO;ECT2401;COMPUTAÇÃO NUMÉRICA;8.0;14.0;0.5714285714285714
57644067;CONSOLIDADA;JOILSON BATISTA DE ALMEIDA REGO;ECT2401;COMPUTAÇÃO NUMÉRICA;5.0;15.0;0.3333333333333333
57644070;CONSOLIDADA;MARCELO BORGES NOGUEIRA;ECT2401;COMPUTAÇÃO NUMÉRICA;22.0;50.0;0.44
57644072;CONSOLIDADA;MARCELO BORGES NOGUEIRA;ECT2401;COMPUTAÇÃO NUMÉRICA;11.0;45.0;0.24444444444444444
57644073;CONSOLIDADA;MARCELO BORGES NOGUEIRA;ECT2401;COMPUTAÇÃO NUMÉRICA;13.0;34.0;0.38235294117647056
57644075;CONSOLIDADA;MARCELO BORGES NOGUEIRA;ECT2401;COMPUTAÇÃO NUMÉRICA;11.0;31.0;0.3548387096774194
57644079;CONSOLIDADA;MARCONI CAMARA RODRIGUES;ECT2401;COMPUTAÇÃO NUMÉRICA;5.0;11.0;0.45454545454545453
57644079;CONSOLIDADA;REX ANTONIO DA COSTA MEDEIROS;ECT2401;COMPUTAÇÃO NUMÉRICA;5.0;11.0;0.45454545454545453
57644081;CONSOLIDADA;MARCONI CAMARA RODRIGUES;ECT2401;COMPUTAÇÃO NUMÉRICA;6.0;10.0;0.6
57644081;CONSOLIDADA;REX ANTONIO DA COSTA MEDEIROS;ECT2401;COMPUTAÇÃO NUMÉRICA;6.0;10.0;0.6
57644082;CONSOLIDADA;MARCONI CAMARA RODRIGUES;ECT2401;COMPUTAÇÃO NUMÉRICA;8.0;12.0;0.6666666666666666
57644082;CONSOLIDADA;REX ANTONIO DA COSTA MEDEIROS;ECT2401;COMPUTAÇÃO NUMÉRICA;8.0;12.0;0.6666666666666666
57644086;CONSOLIDADA;MARCONI CAMARA RODRIGUES;ECT2401;COMPUTAÇÃO NUMÉRICA;9.0;16.0;0.5625
57644086;CONSOLIDADA;REX ANTONIO DA COSTA MEDEIROS;ECT2401;COMPUTAÇÃO NUMÉRICA;9.0;16.0;0.5625
57644092;CONSOLIDADA;MARCONI CAMARA RODRIGUES;ECT2401;COMPUTAÇÃO NUMÉRICA;5.0;11.0;0.45454545454545453
57644092;CONSOLIDADA;REX ANTONIO DA COSTA MEDEIROS;ECT2401;COMPUTAÇÃO NUMÉRICA;5.0;11.0;0.45454545454545453
57644093;CONSOLIDADA;MARCONI CAMARA RODRIGUES;ECT2401;COMPUTAÇÃO NUMÉRICA;7.0;13.0;0.5384615384615384
57644093;CONSOLIDADA;REX ANTONIO DA COSTA MEDEIROS;ECT2401;COMPUTAÇÃO NUMÉRICA;7.0;13.0;0.5384615384615384
57644080;CONSOLIDADA;REX ANTONIO DA COSTA MEDEIROS;ECT2401;COMPUTAÇÃO NUMÉRICA;16.0;39.0;0.41025641025641024
57644089;CONSOLIDADA;REX ANTONIO DA COSTA MEDEIROS;ECT2401;COMPUTAÇÃO NUMÉRICA;16.0;41.0;0.3902439024390244
57644068;CONSOLIDADA;LORENA RAMOS CORREIA CARDOSO;ECT2301;CÁLCULO III;67.0;86.0;0.7790697674418605
57644071;CONSOLIDADA;SIMONE BATISTA;ECT2301;CÁLCULO III;49.0;75.0;0.6533333333333333
57644074;CONSOLIDADA;SIMONE BATISTA;ECT2301;CÁLCULO III;66.0;104.0;0.6346153846153846
57644076;CONSOLIDADA;DARLAN ARAUJO MOREIRA;ECT2301;CÁLCULO III;23.0;40.0;0.575
57644077;CONSOLIDADA;DARLAN ARAUJO MOREIRA;ECT2301;CÁLCULO III;11.0;24.0;0.4583333333333333
57644184;CONSOLIDADA;MARCELO BORGES NOGUEIRA;ECT2521;PROJETOS COM MICROCONTROLADORES E MINICOMPUTADORES;18.0;27.0;0.6666666666666666
57644184;CONSOLIDADA;MARCONI CAMARA RODRIGUES;ECT2521;PROJETOS COM MICROCONTROLADORES E MINICOMPUTADORES;18.0;27.0;0.6666666666666666
57644136;CONSOLIDADA;RODRIGO BARROS;ECT2412;MECÂNICA DOS SÓLIDOS;55.0;134.0;0.41044776119402987
57644138;CONSOLIDADA;RODRIGO BARROS;ECT2412;MECÂNICA DOS SÓLIDOS;103.0;170.0;0.6058823529411764
57644137;CONSOLIDADA;DANIEL NELSON MACIEL;ECT2412;MECÂNICA DOS SÓLIDOS;7.0;32.0;0.21875
57644139;CONSOLIDADA;CAMILA PACELLY BRANDÃO DE ARAÚJO;ECT2413;MECÂNICA DOS FLUIDOS;18.0;38.0;0.47368421052631576
57644140;CONSOLIDADA;CAMILA PACELLY BRANDÃO DE ARAÚJO;ECT2413;MECÂNICA DOS FLUIDOS;45.0;95.0;0.47368421052631576
57644154;CONSOLIDADA;ANGELA LUZIA MIRANDA;ECT1558;ÉTICA EM CIÊNCIA E TECNOLOGIA;14.0;24.0;0.5833333333333334
57644389;CONSOLIDADA;JOSSANA MARIA DE SOUZA FERREIRA;ECT2414;ELETRICIDADE APLICADA;8.0;20.0;0.4
57644390;CONSOLIDADA;JOSSANA MARIA DE SOUZA FERREIRA;ECT2414;ELETRICIDADE APLICADA;18.0;24.0;0.75
57644391;CONSOLIDADA;JOSSANA MARIA DE SOUZA FERREIRA;ECT2414;ELETRICIDADE APLICADA;15.0;34.0;0.4411764705882353
57644392;CONSOLIDADA;JOSSANA MARIA DE SOUZA FERREIRA;ECT2414;ELETRICIDADE APLICADA;9.0;20.0;0.45
57644399;CONSOLIDADA;JOSSANA MARIA DE SOUZA FERREIRA;ECT2414;ELETRICIDADE APLICADA;4.0;19.0;0.21052631578947367
57644399;CONSOLIDADA;ALEXANDRE MAGNUS FERNANDES GUIMARAES;ECT2414;ELETRICIDADE APLICADA;4.0;19.0;0.21052631578947367
57644400;CONSOLIDADA;JOSSANA MARIA DE SOUZA FERREIRA;ECT2414;ELETRICIDADE APLICADA;5.0;18.0;0.2777777777777778
57644400;CONSOLIDADA;ALEXANDRE MAGNUS FERNANDES GUIMARAES;ECT2414;ELETRICIDADE APLICADA;5.0;18.0;0.2777777777777778
57644401;CONSOLIDADA;JOSSANA MARIA DE SOUZA FERREIRA;ECT2414;ELETRICIDADE APLICADA;6.0;18.0;0.3333333333333333
57644401;CONSOLIDADA;ALEXANDRE MAGNUS FERNANDES GUIMARAES;ECT2414;ELETRICIDADE APLICADA;6.0;18.0;0.3333333333333333
57644402;CONSOLIDADA;JOSSANA MARIA DE SOUZA FERREIRA;ECT2414;ELETRICIDADE APLICADA;8.0;16.0;0.5
57644402;CONSOLIDADA;ALEXANDRE MAGNUS FERNANDES GUIMARAES;ECT2414;ELETRICIDADE APLICADA;8.0;16.0;0.5
57644394;CONSOLIDADA;ALEXANDRE MAGNUS FERNANDES GUIMARAES;ECT2414;ELETRICIDADE APLICADA;7.0;22.0;0.3181818181818182
57644395;CONSOLIDADA;ALEXANDRE MAGNUS FERNANDES GUIMARAES;ECT2414;ELETRICIDADE APLICADA;12.0;25.0;0.48
57644396;CONSOLIDADA;ALEXANDRE MAGNUS FERNANDES GUIMARAES;ECT2414;ELETRICIDADE APLICADA;11.0;25.0;0.44
57644397;CONSOLIDADA;ALEXANDRE MAGNUS FERNANDES GUIMARAES;ECT2414;ELETRICIDADE APLICADA;14.0;37.0;0.3783783783783784
